Product_Category,Total_Revenue,Avg_Order_Value,Order_Count,Customer_Count,Units_Sold,SKU_Count,Revenue_Share,Order_Share
Electronics,328422.7131124042,108.42611855807337,3029,1568,15179,496,30.45,30.29
Office Supplies,321280.8640675386,108.9456982256828,2949,1544,14746,499,29.78,29.49
Furniture,214958.03267130643,106.89111520204199,2011,1250,9997,494,19.93,20.11
Clothing,214009.36962409847,106.41937823177447,2011,1248,10143,484,19.84,20.11
