Region,Total_Revenue,Avg_Order_Value,Order_Count,Customer_Count,Units_Sold,Revenue_Share,Customer_Penetration
East,318581.3714682642,107.33873701760923,2968,1553,14704,29.53,78.2
Central,275688.1797832018,108.32541445312447,2545,1435,12702,25.56,72.26
West,272330.95570529293,108.41200465975037,2512,1436,12703,25.25,72.31
South,212070.4725185887,107.37745443979175,1975,1257,9956,19.66,63.29
